{
  "0": {
    "cluster_id": 0,
    "size": 1501,
    "avg_price": -0.016462931635855958,
    "price_range": "-1-4",
    "refill_rate": -0.025650735771682465,
    "luxury_rate": -0.0013085898496229774,
    "key_features": {
      "review_count": 0.3547048473335019,
      "avg_rating": 0.003188555586737279,
      "rating_std": 0.03205756671022868,
      "helpful_avg": -0.009948646031132569,
      "verified_share": 0.0039314326758009424,
      "french_ratio": 0.0,
      "price_value": -0.016462931635855958,
      "size_ml_or_g": -0.01785597911295703,
      "z_price_in_category": -0.004946192392675199,
      "price_per_unit": 0.009362017132377158,
      "availability_rate": 0.0,
      "newness_proxy": -0.012926723282887506,
      "refillable_flag": -0.025650735771682465,
      "refill_shelf_share": -0.011313478786393459,
      "eco_badge_count": -0.018774378165037908,
      "is_luxury": -0.0013085898496229774,
      "brand_tier_numeric": 0.02768420164259968,
      "txt_dim_00": 0.0065234020221125715,
      "txt_dim_01": -0.017381606746854364,
      "txt_dim_02": -0.013129710849954275,
      "txt_dim_03": -0.003352257374349849,
      "txt_dim_04": -0.0300791179307702,
      "txt_dim_05": -0.0233914187272393,
      "txt_dim_06": 0.02004099217236744,
      "txt_dim_07": 0.04481766579526236,
      "txt_dim_08": 0.4633924918823678,
      "txt_dim_09": -0.017349725336811124,
      "txt_dim_10": 0.4634640022781735,
      "txt_dim_11": -0.46450919348666975,
      "txt_dim_12": -0.20741992994591252,
      "txt_dim_13": -0.46573839622198204,
      "txt_dim_14": -0.4658162227024169,
      "txt_dim_15": 0.45416146458676415,
      "txt_dim_16": -0.46538771716483585,
      "txt_dim_17": -0.4667896076320009,
      "txt_dim_18": -0.4664732415254999,
      "txt_dim_19": 0.4620939866651092
    }
  },
  "1": {
    "cluster_id": 1,
    "size": 499,
    "avg_price": 0.0495207622954309,
    "price_range": "-1-4",
    "refill_rate": 0.07715782443546178,
    "luxury_rate": 0.0039362592470627115,
    "key_features": {
      "review_count": -1.0669578674300326,
      "avg_rating": -0.009591226324037942,
      "rating_std": -0.09642967461333368,
      "helpful_avg": 0.02992568675897575,
      "verified_share": -0.011825812517792465,
      "french_ratio": 0.0,
      "price_value": 0.0495207622954309,
      "size_ml_or_g": 0.05371107143997693,
      "z_price_in_category": 0.014878226014840786,
      "price_per_unit": -0.02816109762664964,
      "availability_rate": 0.0,
      "newness_proxy": 0.03888379087698256,
      "refillable_flag": 0.07715782443546178,
      "refill_shelf_share": 0.03403112556788915,
      "eco_badge_count": 0.056473630512468675,
      "is_luxury": 0.0039362592470627115,
      "brand_tier_numeric": -0.08327452237583646,
      "txt_dim_00": -0.01962249786611405,
      "txt_dim_01": 0.052284151757572,
      "txt_dim_02": 0.03949438073302888,
      "txt_dim_03": 0.010083643925649526,
      "txt_dim_04": 0.09047846896610424,
      "txt_dim_05": 0.07036176254426096,
      "txt_dim_06": -0.0602836257529529,
      "txt_dim_07": -0.13481225723184112,
      "txt_dim_08": -1.3938920447203087,
      "txt_dim_09": 0.052188251965037076,
      "txt_dim_10": -1.3941071491373518,
      "txt_dim_11": 1.3972511010490807,
      "txt_dim_12": 0.6239224746469232,
      "txt_dim_13": 1.4009485625835572,
      "txt_dim_14": 1.4011826658844249,
      "txt_dim_15": -1.3661249666227118,
      "txt_dim_16": 1.3998937143575523,
      "txt_dim_17": 1.4041106233579828,
      "txt_dim_18": 1.403158989037626,
      "txt_dim_19": -1.3899861202090757
    }
  }
}