evidence_type,count,percentage
text,256,69.37669376693766
badge,240,65.04065040650406
facet,249,67.47967479674797
